Home,Homepage Category1 with music,"Homepage, Creative",http://sites.google.com/site/demokmc/Home/KalturaSiteAlt.flv,Category1>Share
Companies to watch,Five companies to watch in 2009 report,"Kaltura, Press",http://sites.google.com/site/demokmc/Home/Category1Fishbowl-TheFiveOnlineCategory1CompaniesToWatchIn2009612.flv,Category1>Share
Creating together,Collaboration Category1,Collaboration,http://sites.google.com/site/demokmc/Home/spot.whats.mov,Category1>Share
Titanic in 5 Seconds,Titanic movie summarized in 5 seconds,"Titanic, Short",http://sites.google.com/site/demokmc/Home/titanicin5seconds.flv,Category1>Learn
Run Through the Warehouse 2011,2011 Run Through the Warehouse:  Our top sellers race against the clock in a high-stakes shopping spree rewarding their stellar sales results.,sales,http://demo.kaltura.com/users/kevin/attdemo/RTTW_40_Sec.wmv,Category1>Learn
Marvy Moore Delighting our Customers,Marvy Moore who heads up our Employee Engagement Council says teams all across SBAC are on a mission to delight our internal and external customers.,customers,http://demo.kaltura.com/users/kevin/attdemo/0572502001334781775.wmv,Category1>Learn
Rick Resnick NBM Front End Ordering,Rick Resnick tells how the new NBM Front End Ordering process will help us deliver an effortless customer experience.,"nbm, ordering",http://demo.kaltura.com/users/kevin/attdemo/0186781001336757931.wmv,Category1>Connect
Rick Resnick NBM 1Q Results,As he travels the nation Rick Resnick is impressed with his new National Business Markets team and their 1Q12  Results.,"business, markets, results",http://demo.kaltura.com/users/kevin/attdemo/0772907001336495109.wmv,Category1>Connect
Rachel Weeks Part 1,In this three-part series SBAC customer Rachel Weeks shares how she fulfilled her dream to create a fashion-forward collegiate apparel company based on ,"sbac, customer",http://demo.kaltura.com/users/kevin/attdemo/Rachel_Weeks-Clip1-2-9-12.wmv,Category1>Connect
Rachel Weeks Part 2,In this three-part series SBAC customer Rachel Weeks shares how she fulfilled her dream to create a fashion-forward collegiate apparel company based on ,"sbac, customer",http://demo.kaltura.com/users/kevin/attdemo/Rachel_Weeks-Clip2-2-9-12.wmv,Category1>Connect
Rachel Weeks Part 3,In this three-part series SBAC customer Rachel Weeks shares how she fulfilled her dream to create a fashion-forward collegiate apparel company based on ,customer,http://demo.kaltura.com/users/kevin/attdemo/Rachel_Weeks-Clip3-2-9-12.wmv,Category1>Experience
